measure,location,sex,age,cause,metric,year,val,upper,lower
Incidence,Saint Lucia,Both,All ages,All causes,Rate,2019,564426.8277542621,594539.0282820857,536455.4774605344
Incidence,Bahrain,Both,All ages,All causes,Rate,2019,504003.9654851242,539559.3847163053,472860.0030261444
Incidence,Democratic People's Republic of Korea,Both,All ages,All causes,Rate,2019,427196.5393778856,453296.80108697695,405585.94212340034
Incidence,Uganda,Both,All ages,All causes,Rate,2019,637680.0972045164,685257.0862436089,594642.2372633683
Incidence,Timor-Leste,Both,All ages,All causes,Rate,2019,502835.1119454017,539377.5002346591,469009.1689850059
Incidence,Spain,Both,All ages,All causes,Rate,2019,489727.25087871094,519585.74010869046,465225.7881121846
Incidence,Republic of Korea,Both,All ages,All causes,Rate,2019,476657.5349098474,508498.8643823678,449865.6858654497
Incidence,Syrian Arab Republic,Both,All ages,All causes,Rate,2019,523308.6975314049,561449.8831757039,491455.0962925899
Incidence,Pakistan,Both,All ages,All causes,Rate,2019,560544.079186773,594134.4490928703,528492.8552354274
Incidence,San Marino,Both,All ages,All causes,Rate,2019,493090.8116163511,523235.45484692755,466400.491282895
Incidence,Belarus,Both,All ages,All causes,Rate,2019,511858.7055764505,537395.595542713,487220.8630637908
Incidence,Bosnia and Herzegovina,Both,All ages,All causes,Rate,2019,490101.0915200879,515915.3172912019,465734.04819184565
Incidence,Sweden,Both,All ages,All causes,Rate,2019,533969.8829677448,565285.1108877307,507618.7949816649
Incidence,Zambia,Both,All ages,All causes,Rate,2019,623571.4202808274,665317.8275061747,585700.711635736
Incidence,Viet Nam,Both,All ages,All causes,Rate,2019,444090.25826135074,471319.63994432555,420236.9471832401
Incidence,Djibouti,Both,All ages,All causes,Rate,2019,553579.0288594894,590920.9705899727,519536.712445387
Incidence,Sao Tome and Principe,Both,All ages,All causes,Rate,2019,516662.77983736835,550303.0696050315,487834.46214985807
Incidence,Suriname,Both,All ages,All causes,Rate,2019,556639.740092525,587819.8588756977,525782.4192186445
Incidence,Honduras,Both,All ages,All causes,Rate,2019,544843.0408731449,583325.3694188279,510497.9677626807
Incidence,Tokelau,Both,All ages,All causes,Rate,2019,538336.8597736984,570018.025261998,506360.63466646697
Incidence,Saint Vincent and the Grenadines,Both,All ages,All causes,Rate,2019,555288.7167159538,586025.7985958563,527206.5109412997
Incidence,Singapore,Both,All ages,All causes,Rate,2019,475511.11335189355,512149.83068287105,447154.09297607216
Incidence,Eritrea,Both,All ages,All causes,Rate,2019,581290.1659415272,618008.1179096727,546269.8059135734
Incidence,Antigua and Barbuda,Both,All ages,All causes,Rate,2019,550702.1840639756,580594.6207879495,522357.4453280308
Incidence,Bermuda,Both,All ages,All causes,Rate,2019,566169.531345279,594616.7198476887,540780.2520588688
Incidence,Tunisia,Both,All ages,All causes,Rate,2019,525211.4941669784,555625.5389711801,497292.1037987314
Incidence,Mexico,Both,All ages,All causes,Rate,2019,518658.91731588886,552622.1171503077,488644.21506316285
Incidence,France,Both,All ages,All causes,Rate,2019,497065.57542993047,526162.6021267611,473110.7004750124
Incidence,Cameroon,Both,All ages,All causes,Rate,2019,618550.3385724371,659678.2260858606,579975.6826373177
Incidence,Armenia,Both,All ages,All causes,Rate,2019,520890.4692110016,550130.4084541886,493698.0876591411
Incidence,Greece,Both,All ages,All causes,Rate,2019,492878.17428073956,522140.2947906333,468238.85478627874
Incidence,Taiwan (Province of China),Both,All ages,All causes,Rate,2019,419872.73205926915,442321.53552329284,399731.7182159962
Incidence,Turkey,Both,All ages,All causes,Rate,2019,583117.8941178914,620595.7886619202,549381.7565284717
Incidence,Senegal,Both,All ages,All causes,Rate,2019,570926.412832761,606504.5223637533,539068.2738762769
Incidence,Egypt,Both,All ages,All causes,Rate,2019,494738.6002346959,526310.8669977072,467103.8574672219
Incidence,Latvia,Both,All ages,All causes,Rate,2019,527407.5669717262,553647.4140632297,504031.4585639089
Incidence,Estonia,Both,All ages,All causes,Rate,2019,526050.5101027996,552695.4992999309,501451.622512783
Incidence,Togo,Both,All ages,All causes,Rate,2019,599615.755578844,636726.2207011556,564267.6776341293
Incidence,Germany,Both,All ages,All causes,Rate,2019,517462.82859602105,544797.3137250334,492852.413058709
Incidence,Barbados,Both,All ages,All causes,Rate,2019,567603.6650127005,595683.1189292045,541966.0823954756
Incidence,Czechia,Both,All ages,All causes,Rate,2019,499397.9858300916,524409.3818257491,476414.47852044785
Incidence,Cook Islands,Both,All ages,All causes,Rate,2019,551109.7658201283,582322.6495973853,521140.028606066
Incidence,Lithuania,Both,All ages,All causes,Rate,2019,531877.5980235515,557486.3495573095,507250.1027229489
Incidence,Bahamas,Both,All ages,All causes,Rate,2019,539013.4821594387,571596.8514666968,509725.2219198678
Incidence,Bulgaria,Both,All ages,All causes,Rate,2019,480715.30161273974,506420.01508957805,459244.70143469004
Incidence,Sierra Leone,Both,All ages,All causes,Rate,2019,545844.1889842836,579379.3621626048,514029.2054279366
Incidence,Cambodia,Both,All ages,All causes,Rate,2019,465351.8599703899,494119.15140123205,437727.6739846414
Incidence,Angola,Both,All ages,All causes,Rate,2019,653341.8449206675,700647.7796182791,606972.0412042481
Incidence,Azerbaijan,Both,All ages,All causes,Rate,2019,445022.5499838239,469401.4194439535,422715.6786092825
Incidence,Ethiopia,Both,All ages,All causes,Rate,2019,523574.49561293225,556281.5307322175,491958.08921233047
Incidence,Iran (Islamic Republic of),Both,All ages,All causes,Rate,2019,555633.5544764289,590241.0008838066,525193.1200039528
Incidence,Fiji,Both,All ages,All causes,Rate,2019,531412.600503578,563206.4510761048,502791.0285966181
Incidence,Cabo Verde,Both,All ages,All causes,Rate,2019,516970.76048218174,544900.3432018118,489313.69675138284
Incidence,Nicaragua,Both,All ages,All causes,Rate,2019,493781.9721393736,526867.3927865437,463940.7380530349
Incidence,Congo,Both,All ages,All causes,Rate,2019,625566.3480418107,670831.8703851548,583681.9990877557
Incidence,Switzerland,Both,All ages,All causes,Rate,2019,498796.968564913,527496.2681704973,473560.19428557536
Incidence,Belize,Both,All ages,All causes,Rate,2019,548327.2228354064,582971.3129663421,515824.99354413187
Incidence,Iceland,Both,All ages,All causes,Rate,2019,496710.68177213194,529848.9978825268,469404.9480009772
Incidence,United Arab Emirates,Both,All ages,All causes,Rate,2019,489906.8336700933,531482.8405073438,454913.19193979807
Incidence,Greenland,Both,All ages,All causes,Rate,2019,529234.6546813811,566534.3836141304,496952.5597783841
Incidence,Guam,Both,All ages,All causes,Rate,2019,554485.0861926959,585308.3153733435,524029.6458476494
Incidence,Central African Republic,Both,All ages,All causes,Rate,2019,717918.7487815429,772100.9402618068,668393.5889824512
Incidence,Iraq,Both,All ages,All causes,Rate,2019,537129.1590105259,575569.6159661389,502569.2573644872
Incidence,Australia,Both,All ages,All causes,Rate,2019,524595.7133936004,557280.5471381984,496597.5997696213
Incidence,Tuvalu,Both,All ages,All causes,Rate,2019,531684.7925128884,561607.45393283,501499.4892982683
Incidence,Botswana,Both,All ages,All causes,Rate,2019,567827.4201821318,601017.4623921594,536500.8998760154
Incidence,Georgia,Both,All ages,All causes,Rate,2019,449007.85550942254,472829.6346743237,428358.09301383846
Incidence,United States Virgin Islands,Both,All ages,All causes,Rate,2019,571068.0098356727,599293.9878583206,544643.5592168061
Incidence,Kenya,Both,All ages,All causes,Rate,2019,645636.8718827635,693470.9455665911,601290.4869612806
Incidence,Croatia,Both,All ages,All causes,Rate,2019,483061.8831549633,508070.2335335001,461453.5179453462
Incidence,Israel,Both,All ages,All causes,Rate,2019,525700.1125101532,561492.218357544,493853.75036143867
Incidence,Côte d'Ivoire,Both,All ages,All causes,Rate,2019,594871.9659206194,632695.8468057732,560445.0561077329
Incidence,Trinidad and Tobago,Both,All ages,All causes,Rate,2019,530656.2277401556,560632.7341079692,503370.32535899954
Incidence,Monaco,Both,All ages,All causes,Rate,2019,487240.0005705055,515015.01854309335,462942.5029725012
Incidence,Cuba,Both,All ages,All causes,Rate,2019,568369.5235425838,596104.842399343,541100.3212490474
Incidence,Kiribati,Both,All ages,All causes,Rate,2019,555114.145749829,589711.5589371702,520992.2152790539
Incidence,North Macedonia,Both,All ages,All causes,Rate,2019,488154.42612812674,515452.38620427885,464894.76568442944
Incidence,Hungary,Both,All ages,All causes,Rate,2019,506751.40457520104,532452.8209375645,483474.78719523805
Incidence,Nauru,Both,All ages,All causes,Rate,2019,529830.9694012394,565099.3348395498,493992.40597548085
Incidence,Marshall Islands,Both,All ages,All causes,Rate,2019,528828.7759402393,561769.0811217915,497911.7406893577
Incidence,Republic of Moldova,Both,All ages,All causes,Rate,2019,512145.8730562947,538870.47142738,488082.0322096937
Incidence,Panama,Both,All ages,All causes,Rate,2019,526357.7608713259,559917.2895609583,495931.3033616211
Incidence,Yemen,Both,All ages,All causes,Rate,2019,642090.7046242751,688233.3926589049,599106.4050647231
Incidence,Lesotho,Both,All ages,All causes,Rate,2019,579012.6379669415,612210.0957314484,548609.6845068581
Incidence,Libya,Both,All ages,All causes,Rate,2019,531999.919720051,565916.0969303878,500629.90891829703
Incidence,Italy,Both,All ages,All causes,Rate,2019,482216.85085153877,510802.1734209303,457955.1919876284
Incidence,Montenegro,Both,All ages,All causes,Rate,2019,473928.1515151177,499772.40635570005,451285.82093042746
Incidence,Madagascar,Both,All ages,All causes,Rate,2019,559238.8173968289,595976.9759072551,525839.2045386864
Incidence,United Kingdom,Both,All ages,All causes,Rate,2019,517093.68500635086,547664.6771699027,491366.92950294324
Incidence,Jordan,Both,All ages,All causes,Rate,2019,455049.3538746038,483368.4307574473,429953.23754512967
Incidence,Gambia,Both,All ages,All causes,Rate,2019,483780.3491968149,513002.60281462915,458493.2595548509
Incidence,Ireland,Both,All ages,All causes,Rate,2019,497060.26092185586,531129.4602442038,468284.96466016804
Incidence,Democratic Republic of the Congo,Both,All ages,All causes,Rate,2019,623870.6546387366,667890.5046042703,584099.8309480527
Incidence,Dominica,Both,All ages,All causes,Rate,2019,547960.1505732469,577750.8833513842,519553.54904971644
Incidence,New Zealand,Both,All ages,All causes,Rate,2019,573263.8451378997,606819.1784381282,542938.1833348299
Incidence,Chad,Both,All ages,All causes,Rate,2019,621420.7167451322,659838.3613213553,582993.5289074371
Incidence,Poland,Both,All ages,All causes,Rate,2019,451299.38310497784,476811.9136422497,430540.56376316695
Incidence,Austria,Both,All ages,All causes,Rate,2019,511974.4512694026,542243.903667827,486405.82504085364
Incidence,Namibia,Both,All ages,All causes,Rate,2019,589835.9011450688,632242.3360971716,555584.1488044129
Incidence,Luxembourg,Both,All ages,All causes,Rate,2019,506980.2921807032,539069.1167156041,480305.99897056154
Incidence,Morocco,Both,All ages,All causes,Rate,2019,548486.0735599393,583651.5002011639,515320.79295999196
Incidence,Venezuela (Bolivarian Republic of),Both,All ages,All causes,Rate,2019,532966.4660613972,567415.1091951503,502470.4248416703
Incidence,Malawi,Both,All ages,All causes,Rate,2019,609638.3457362764,652687.8437121393,570404.8600420395
Incidence,Russian Federation,Both,All ages,All causes,Rate,2019,550482.8956307216,578365.735315835,525370.5573569457
Incidence,Bolivia (Plurinational State of),Both,All ages,All causes,Rate,2019,571284.1609651634,606157.9906313722,538319.2916045571
Incidence,Indonesia,Both,All ages,All causes,Rate,2019,535157.8597458489,572862.7515198317,503422.26909513056
Incidence,Canada,Both,All ages,All causes,Rate,2019,522136.1228688542,556269.8753502496,492587.9425777392
Incidence,Tajikistan,Both,All ages,All causes,Rate,2019,407478.8023002171,429337.0243178491,387219.7819492022
Incidence,Samoa,Both,All ages,All causes,Rate,2019,537458.2940100186,572288.206188823,504796.5368470531
Incidence,Kazakhstan,Both,All ages,All causes,Rate,2019,468169.3895927163,496955.04561744153,444042.0488040884
Incidence,Myanmar,Both,All ages,All causes,Rate,2019,494034.35792730236,526950.8874622218,463580.78556688235
Incidence,Ecuador,Both,All ages,All causes,Rate,2019,574963.8146467045,610398.7784712925,543438.7237099585
Incidence,Lao People's Democratic Republic,Both,All ages,All causes,Rate,2019,501561.68199047813,538051.4995622233,468939.43140156876
Incidence,Romania,Both,All ages,All causes,Rate,2019,494148.5467736455,519297.5494436178,471726.8440001083
Incidence,Philippines,Both,All ages,All causes,Rate,2019,560068.299295192,600288.2416763586,525750.7332052279
Incidence,Belgium,Both,All ages,All causes,Rate,2019,516188.38070896367,545589.84690773,490918.7047473326
Incidence,Kuwait,Both,All ages,All causes,Rate,2019,511662.968771104,546628.062185685,479708.9821112072
Incidence,Afghanistan,Both,All ages,All causes,Rate,2019,596483.3061520914,639922.7904390251,554824.8851015803
Incidence,Andorra,Both,All ages,All causes,Rate,2019,485004.8302046085,516889.09627749544,459135.0800246549
Incidence,Solomon Islands,Both,All ages,All causes,Rate,2019,583520.9608649086,620955.3787908005,548956.3137139635
Incidence,Turkmenistan,Both,All ages,All causes,Rate,2019,423042.0859037955,447541.38654913654,401760.8795858113
Incidence,Ukraine,Both,All ages,All causes,Rate,2019,529846.466846728,557702.8905572975,504619.57401665655
Incidence,Gabon,Both,All ages,All causes,Rate,2019,626455.089400955,668186.2790791314,585330.5198179159
Incidence,Equatorial Guinea,Both,All ages,All causes,Rate,2019,614662.341520985,663087.7517631901,567678.6515772664
Incidence,China,Both,All ages,All causes,Rate,2019,407089.7733982719,429377.2013505353,387097.22529123287
Incidence,Ghana,Both,All ages,All causes,Rate,2019,537219.6879672683,569785.0733664162,506956.993964045
Incidence,Kyrgyzstan,Both,All ages,All causes,Rate,2019,420363.517069348,445908.9304644874,398693.50631746673
Incidence,Peru,Both,All ages,All causes,Rate,2019,610231.7655434345,647712.3871525341,575716.0965545232
Incidence,Liberia,Both,All ages,All causes,Rate,2019,586671.57065189,623981.5773612541,551377.8565543421
Incidence,Argentina,Both,All ages,All causes,Rate,2019,519856.18240054185,556087.82275587,487936.98963262886
Incidence,Costa Rica,Both,All ages,All causes,Rate,2019,511793.6740399836,543335.5378680624,484324.1988859972
Incidence,South Sudan,Both,All ages,All causes,Rate,2019,619182.1225870422,658768.2663186913,580736.24622128
Incidence,Sudan,Both,All ages,All causes,Rate,2019,580919.0914600289,620818.5708319306,543431.031271755
Incidence,Malaysia,Both,All ages,All causes,Rate,2019,500640.7451464354,532601.8808729652,470624.3543788951
Incidence,Micronesia (Federated States of),Both,All ages,All causes,Rate,2019,523318.93867903325,555660.469037321,492967.81242395984
Incidence,United States of America,Both,All ages,All causes,Rate,2019,544686.6421243793,581114.0258637356,514856.6707473666
Incidence,South Africa,Both,All ages,All causes,Rate,2019,556047.970760151,587300.2879354553,528554.1270878784
Incidence,Dominican Republic,Both,All ages,All causes,Rate,2019,545886.7006228664,579184.4235029764,517387.0875210972
Incidence,Lebanon,Both,All ages,All causes,Rate,2019,544254.3168428154,577686.0736268002,514103.67601228
Incidence,Sri Lanka,Both,All ages,All causes,Rate,2019,495221.50255832385,527112.8371870478,466817.43389894476
Incidence,Burundi,Both,All ages,All causes,Rate,2019,529750.1110405637,560492.9785198222,501184.48699083587
Incidence,Seychelles,Both,All ages,All causes,Rate,2019,496603.72497894184,528304.7481020483,465493.77208672976
Incidence,Mauritius,Both,All ages,All causes,Rate,2019,491354.89225338196,520788.10441193957,465488.2221496408
Incidence,Mali,Both,All ages,All causes,Rate,2019,552297.448048565,586515.6494426546,521266.51195496187
Incidence,Chile,Both,All ages,All causes,Rate,2019,517106.3355250993,551808.0412507331,486437.48442556267
Incidence,El Salvador,Both,All ages,All causes,Rate,2019,535867.6810417821,569684.2894593249,503418.6622327712
Incidence,Haiti,Both,All ages,All causes,Rate,2019,604944.919826051,646574.6908790646,567616.237818356
Incidence,Guinea,Both,All ages,All causes,Rate,2019,565020.0748185518,598269.4544007687,532035.2407166249
Incidence,Bangladesh,Both,All ages,All causes,Rate,2019,605169.3379937507,642351.327070789,570293.4118024636
Incidence,Brunei Darussalam,Both,All ages,All causes,Rate,2019,485488.96017514355,522532.2219851772,451694.79453250434
Incidence,Colombia,Both,All ages,All causes,Rate,2019,570608.5465244314,610465.3352779886,535367.1733354754
Incidence,Papua New Guinea,Both,All ages,All causes,Rate,2019,565699.112240882,601644.3468675223,531522.8436062743
Incidence,American Samoa,Both,All ages,All causes,Rate,2019,526623.6914371058,559582.6614217296,495843.2092117447
Incidence,Benin,Both,All ages,All causes,Rate,2019,560889.087603011,594972.9004251406,530095.7529672114
Incidence,Mongolia,Both,All ages,All causes,Rate,2019,447824.5397144962,473374.26703952206,424714.0025461349
Incidence,Malta,Both,All ages,All causes,Rate,2019,484312.0109749322,514314.7281575321,459952.87817953556
Incidence,Maldives,Both,All ages,All causes,Rate,2019,486223.306909377,520988.0028124868,456098.53704916
Incidence,Serbia,Both,All ages,All causes,Rate,2019,472208.5137890525,497550.625404911,450548.14424873434
Incidence,Jamaica,Both,All ages,All causes,Rate,2019,535691.09678483,568047.9583998622,506847.04143070435
Incidence,Uruguay,Both,All ages,All causes,Rate,2019,513762.0977822946,546961.8224192483,484817.9413687022
Incidence,Mozambique,Both,All ages,All causes,Rate,2019,534177.3790393412,566056.4820436857,502141.1978038789
Incidence,Cyprus,Both,All ages,All causes,Rate,2019,498032.0512832701,530297.6441311344,471555.70697854576
Incidence,Brazil,Both,All ages,All causes,Rate,2019,629899.4356428051,669290.8772941276,595727.5545375973
Incidence,Grenada,Both,All ages,All causes,Rate,2019,564444.0450170485,596005.6556747564,535645.1631828239
Incidence,Eswatini,Both,All ages,All causes,Rate,2019,565192.2843923061,599091.7467053075,534376.3388153322
Incidence,Somalia,Both,All ages,All causes,Rate,2019,598934.4265183272,638475.2326375617,560635.1795220327
Incidence,Uzbekistan,Both,All ages,All causes,Rate,2019,403365.6104232766,426303.41536547826,382816.9433912117
Incidence,Saudi Arabia,Both,All ages,All causes,Rate,2019,520705.9139304005,553463.274721476,488874.7446463274
Incidence,Burkina Faso,Both,All ages,All causes,Rate,2019,590761.2420828254,625957.3950807832,556389.4674927149
Incidence,Guinea-Bissau,Both,All ages,All causes,Rate,2019,552963.5726310203,589119.299646274,518150.8035185377
Incidence,Japan,Both,All ages,All causes,Rate,2019,481428.30655065423,511932.91966495133,457254.5007521809
Incidence,Puerto Rico,Both,All ages,All causes,Rate,2019,570156.3462093538,598505.1003736737,545176.7164383545
Incidence,Netherlands,Both,All ages,All causes,Rate,2019,490654.6377682801,521293.6093040174,464955.5827919154
Incidence,Rwanda,Both,All ages,All causes,Rate,2019,554021.0736305651,591198.5526937677,519866.39250554016
Incidence,Saint Kitts and Nevis,Both,All ages,All causes,Rate,2019,558797.2925041389,590873.8212585766,530465.9418709556
Incidence,Zimbabwe,Both,All ages,All causes,Rate,2019,570586.9528108945,608092.3804606807,537195.8762527365
Incidence,Denmark,Both,All ages,All causes,Rate,2019,515864.7917179109,545867.7584002324,490861.07584259205
Incidence,Slovenia,Both,All ages,All causes,Rate,2019,483147.05605289765,507369.20404242724,461579.16848275944
Incidence,Bhutan,Both,All ages,All causes,Rate,2019,570376.8452168003,602674.6967844514,541932.5940774251
Incidence,Niue,Both,All ages,All causes,Rate,2019,556295.6669906058,590417.2409396801,522318.38044396375
Incidence,Palestine,Both,All ages,All causes,Rate,2019,539275.3655520201,577771.9479342494,502722.479076035
Incidence,Tonga,Both,All ages,All causes,Rate,2019,533034.1522480003,565322.3358744486,502103.38281724567
Incidence,Slovakia,Both,All ages,All causes,Rate,2019,499128.0530035198,525102.0690353615,475887.81266961666
Incidence,Norway,Both,All ages,All causes,Rate,2019,536413.211267465,568400.9695677456,510411.72710737
Incidence,Comoros,Both,All ages,All causes,Rate,2019,581182.4288204404,629133.9717640292,546503.6801294107
Incidence,Oman,Both,All ages,All causes,Rate,2019,528118.1419987872,565171.3841039435,492021.5246317832
Incidence,Paraguay,Both,All ages,All causes,Rate,2019,617308.5797629656,661121.6938955996,578782.7786803942
Incidence,Finland,Both,All ages,All causes,Rate,2019,505723.6294252796,533123.6880801688,481978.3909084271
Incidence,Guyana,Both,All ages,All causes,Rate,2019,553092.157091931,588343.3259021462,521159.53690216027
Incidence,Albania,Both,All ages,All causes,Rate,2019,498211.2363532522,524951.3147538727,474406.709984915
Incidence,United Republic of Tanzania,Both,All ages,All causes,Rate,2019,575411.5506462012,614230.0765982624,538061.2890520481
Incidence,Northern Mariana Islands,Both,All ages,All causes,Rate,2019,555440.4792097433,587266.5178779296,521460.72449065105
Incidence,Guatemala,Both,All ages,All causes,Rate,2019,519553.2047314208,551523.3408719859,488895.6924191569
Incidence,Qatar,Both,All ages,All causes,Rate,2019,489214.7168001785,526693.871190558,454181.5192231372
Incidence,Vanuatu,Both,All ages,All causes,Rate,2019,548313.6756001451,583678.0796449984,516615.112843283
Incidence,India,Both,All ages,All causes,Rate,2019,542064.4984523479,570135.9260313286,515954.1043547923
Incidence,Portugal,Both,All ages,All causes,Rate,2019,468099.0332665837,495967.549759241,444523.6920640891
Incidence,Algeria,Both,All ages,All causes,Rate,2019,528126.9576648632,561015.9367182463,497264.60449587926
Incidence,Mauritania,Both,All ages,All causes,Rate,2019,580221.0889825559,633833.647225634,539839.1813753552
Incidence,Thailand,Both,All ages,All causes,Rate,2019,588292.378130903,627998.9862262957,555106.0001270758
Incidence,Palau,Both,All ages,All causes,Rate,2019,563482.2006324084,596361.3702597945,532596.8197852717
Incidence,Nepal,Both,All ages,All causes,Rate,2019,573706.5990601795,607412.5520211725,542354.6508865111
Incidence,Niger,Both,All ages,All causes,Rate,2019,583709.4917894474,619423.346180527,547441.3936370772
Incidence,Nigeria,Both,All ages,All causes,Rate,2019,581671.4350765884,618070.7388746988,546872.2195017063
Deaths,Myanmar,Both,All ages,All causes,Rate,2019,769.8535778738245,904.3037505365368,671.1557913827833
Deaths,Dominica,Both,All ages,All causes,Rate,2019,1070.198163284742,1256.2536487278444,926.7383645618135
Deaths,Switzerland,Both,All ages,All causes,Rate,2019,795.6149785434966,813.3792783109487,779.0876184638694
Deaths,Finland,Both,All ages,All causes,Rate,2019,1013.9566513884325,1045.5196816524985,984.7790824475122
Deaths,El Salvador,Both,All ages,All causes,Rate,2019,642.5456006395037,802.0735660058309,508.0754600046308
Deaths,Iran (Islamic Republic of),Both,All ages,All causes,Rate,2019,463.96553847842614,477.0367860021822,452.5767275447146
Deaths,Ukraine,Both,All ages,All causes,Rate,2019,1586.3403134817593,1809.4215472618,1397.4521673671304
Deaths,Zambia,Both,All ages,All causes,Rate,2019,676.3741695213331,791.0864788105604,585.7569139738954
Deaths,Czechia,Both,All ages,All causes,Rate,2019,1069.2247849203384,1258.1584487206385,907.7621338882626
Deaths,Costa Rica,Both,All ages,All causes,Rate,2019,517.6388381380524,638.9520609932707,417.64709004448355
Deaths,Dominican Republic,Both,All ages,All causes,Rate,2019,648.2785583932798,800.352855927367,526.73426962212
Deaths,Philippines,Both,All ages,All causes,Rate,2019,569.6317644518401,656.5642965181206,488.98092364756303
Deaths,Iraq,Both,All ages,All causes,Rate,2019,426.44210076021574,508.3339956695708,351.501593427901
Deaths,Armenia,Both,All ages,All causes,Rate,2019,926.5257762437794,1058.5956670944233,807.1097243063772
Deaths,Saint Kitts and Nevis,Both,All ages,All causes,Rate,2019,839.7754160961953,953.0778708986285,762.9805162461197
Deaths,Ghana,Both,All ages,All causes,Rate,2019,660.1365497270256,758.0984977045307,573.0643836974166
Deaths,Hungary,Both,All ages,All causes,Rate,2019,1332.0483901364516,1559.6964509843333,1136.0557462439663
Deaths,Afghanistan,Both,All ages,All causes,Rate,2019,656.8284550014274,764.3144804147875,560.5123421317035
Deaths,United Kingdom,Both,All ages,All causes,Rate,2019,925.0379497867405,933.0432759653424,917.6000494224182
Deaths,Brunei Darussalam,Both,All ages,All causes,Rate,2019,430.1576508846177,476.15677135859147,389.6895810747986
Deaths,San Marino,Both,All ages,All causes,Rate,2019,911.1743257470332,1214.6595278731982,656.1588069505655
Deaths,Argentina,Both,All ages,All causes,Rate,2019,773.1804974015309,789.4966421327872,758.3536160268001
Deaths,Azerbaijan,Both,All ages,All causes,Rate,2019,730.9191209467908,831.1944519517153,653.2286562805795
Deaths,Botswana,Both,All ages,All causes,Rate,2019,905.2719311271755,1107.667532867255,747.6800516607994
Deaths,Comoros,Both,All ages,All causes,Rate,2019,700.8930522800771,815.4013653119843,618.2749298616885
Deaths,Jordan,Both,All ages,All causes,Rate,2019,277.2679815909842,323.446406166203,240.30487299708025
Deaths,Guyana,Both,All ages,All causes,Rate,2019,867.2320175647577,1075.2887051315795,692.7661429115682
Deaths,Guatemala,Both,All ages,All causes,Rate,2019,533.4044182300265,661.9504574429852,427.0437938617957
Deaths,Sri Lanka,Both,All ages,All causes,Rate,2019,620.6211156724593,789.9931351676087,481.89816607226464
Deaths,Guinea-Bissau,Both,All ages,All causes,Rate,2019,779.3234079565976,939.9338831332251,650.3142026866185
Deaths,Guinea,Both,All ages,All causes,Rate,2019,903.769648391299,1091.7931562176598,740.8060413946259
Deaths,Burundi,Both,All ages,All causes,Rate,2019,699.3779620425896,864.7427711211955,565.701315373555
Deaths,Grenada,Both,All ages,All causes,Rate,2019,793.0036859186364,850.1595037521757,737.3841129394514
Deaths,Thailand,Both,All ages,All causes,Rate,2019,709.5864999561618,895.7748179011368,555.1960850684148
Deaths,Sudan,Both,All ages,All causes,Rate,2019,495.4010773829777,576.9636597740201,425.2819858514391
Deaths,France,Both,All ages,All causes,Rate,2019,911.2363740968306,926.2911918725698,896.9135314958049
Deaths,North Macedonia,Both,All ages,All causes,Rate,2019,1117.0265074750469,1345.5438068217416,922.6444305277707
Deaths,Mexico,Both,All ages,All causes,Rate,2019,591.022729697939,662.4390677294358,524.0358741409499
Deaths,India,Both,All ages,All causes,Rate,2019,675.3075081535357,749.664305205239,606.1515052995085
Deaths,Bermuda,Both,All ages,All causes,Rate,2019,905.19081659237,1058.2034887862624,799.897714685276
Deaths,Djibouti,Both,All ages,All causes,Rate,2019,629.8225795115197,790.4649600543456,509.2570133478862
Deaths,American Samoa,Both,All ages,All causes,Rate,2019,690.2022742590274,800.9710638809871,597.3636984936556
Deaths,Greece,Both,All ages,All causes,Rate,2019,1244.7180923237586,1271.4749043027596,1220.1068221244968
Deaths,Chile,Both,All ages,All causes,Rate,2019,621.4050321997189,639.3463659901794,604.9485473515439
Deaths,Kuwait,Both,All ages,All causes,Rate,2019,226.20040867319287,262.52982106755474,195.41723615498088
Deaths,Bhutan,Both,All ages,All causes,Rate,2019,563.785402772086,665.1150347530297,464.74394809113477
Deaths,Guam,Both,All ages,All causes,Rate,2019,660.9035008281598,766.5658250080169,571.1876665272654
Deaths,Timor-Leste,Both,All ages,All causes,Rate,2019,581.0657112079053,645.624232648706,499.3492531427763
Deaths,Germany,Both,All ages,All causes,Rate,2019,1130.4241350871064,1150.2275238876348,1113.841590896945
Deaths,Poland,Both,All ages,All causes,Rate,2019,1057.0639275122187,1210.977963178109,912.2657066982849
Deaths,Nicaragua,Both,All ages,All causes,Rate,2019,448.45905861931703,515.8526823824747,382.25776712420935
Deaths,Montenegro,Both,All ages,All causes,Rate,2019,1095.1549968529648,1252.1274856013283,959.0930990337645
Deaths,Liberia,Both,All ages,All causes,Rate,2019,621.0934342262477,734.0101526293146,531.057274470921
Deaths,Bangladesh,Both,All ages,All causes,Rate,2019,533.4430524160756,631.4075316680154,447.64311760316104
Deaths,Kyrgyzstan,Both,All ages,All causes,Rate,2019,530.5867237711371,585.0564103101165,480.69404310680557
Deaths,Lesotho,Both,All ages,All causes,Rate,2019,1554.5013239654686,1836.8707528261082,1304.017209888335
Deaths,Georgia,Both,All ages,All causes,Rate,2019,1348.4790012824267,1530.707300557998,1180.6442137826477
Deaths,Japan,Both,All ages,All causes,Rate,2019,1095.5707930626468,1105.6790578647426,1085.4990032743224
Deaths,Eritrea,Both,All ages,All causes,Rate,2019,646.607927436391,843.5686715672946,507.8874889745474
Deaths,Lebanon,Both,All ages,All causes,Rate,2019,654.0004635534873,716.856634781837,593.144786631091
Deaths,Viet Nam,Both,All ages,All causes,Rate,2019,655.5965273852651,740.9538080637359,558.3514663822809
Deaths,Republic of Korea,Both,All ages,All causes,Rate,2019,596.7059587580318,618.1497072452814,576.3498975982031
Deaths,Iceland,Both,All ages,All causes,Rate,2019,612.7674235966243,663.0545198966611,570.5939554525179
Deaths,China,Both,All ages,All causes,Rate,2019,749.0030490351104,848.5785048194214,654.6191631516615
Deaths,Haiti,Both,All ages,All causes,Rate,2019,803.9592297835072,979.5395774956179,660.8700571401296
Deaths,Singapore,Both,All ages,All causes,Rate,2019,409.7439960375761,419.8542511988726,400.3592196496525
Deaths,Cook Islands,Both,All ages,All causes,Rate,2019,919.6273510703426,1071.9950078125626,802.977654612955
Deaths,Honduras,Both,All ages,All causes,Rate,2019,535.6348700795318,635.6892542291074,470.53790840685724
Deaths,Canada,Both,All ages,All causes,Rate,2019,789.1405015714304,798.9383718953477,779.8625764299964
Deaths,Kazakhstan,Both,All ages,All causes,Rate,2019,758.3014387247916,844.1891159048888,679.0451168014141
Deaths,Tuvalu,Both,All ages,All causes,Rate,2019,909.7860175497128,1154.430921701368,729.5522375579317
Deaths,Israel,Both,All ages,All causes,Rate,2019,514.7956515272793,527.9627650125447,502.63428472164276
Deaths,Greenland,Both,All ages,All causes,Rate,2019,855.086251841968,1004.537961727375,712.1083184879959
Deaths,Mauritania,Both,All ages,All causes,Rate,2019,522.6629889189264,642.588416234811,438.9609992623146
Deaths,Serbia,Both,All ages,All causes,Rate,2019,1344.8272051873976,1607.127201680226,1121.6292755641794
Deaths,Nepal,Both,All ages,All causes,Rate,2019,635.6147314234528,710.7585673225842,543.7914186104374
Deaths,Fiji,Both,All ages,All causes,Rate,2019,814.1649074535599,1003.9533072475652,655.5922146886295
Deaths,South Africa,Both,All ages,All causes,Rate,2019,938.6888654147501,998.3490972778602,889.9034079686874
Deaths,Eswatini,Both,All ages,All causes,Rate,2019,1012.7313848241132,1234.1827097240994,827.7905989507079
Deaths,Taiwan (Province of China),Both,All ages,All causes,Rate,2019,784.7724481106977,980.4127643116807,637.5214926515755
Deaths,Morocco,Both,All ages,All causes,Rate,2019,634.5216829153997,726.6861193785454,522.4631472435552
Deaths,Panama,Both,All ages,All causes,Rate,2019,475.8516711398371,590.4307979012501,381.8608275843784
Deaths,Mongolia,Both,All ages,All causes,Rate,2019,733.8261380086279,919.4904981941586,590.1798040294444
Deaths,Slovakia,Both,All ages,All causes,Rate,2019,1003.2500662958963,1217.3841358163138,822.0978141763743
Deaths,Kenya,Both,All ages,All causes,Rate,2019,585.1105855613815,640.7396917874416,533.833113493466
Deaths,Venezuela (Bolivarian Republic of),Both,All ages,All causes,Rate,2019,665.9637685629598,844.2799326883382,522.9820477531501
Deaths,Uruguay,Both,All ages,All causes,Rate,2019,985.0387869659014,1012.0322801200118,960.4979273030093
Deaths,New Zealand,Both,All ages,All causes,Rate,2019,767.3637568221592,779.2242750727147,755.6390828712717
Deaths,Libya,Both,All ages,All causes,Rate,2019,470.0397235237992,567.9606746286921,392.75948968511926
Deaths,Saint Lucia,Both,All ages,All causes,Rate,2019,805.2013131386624,923.5232951240441,701.7642635624655
Deaths,Ethiopia,Both,All ages,All causes,Rate,2019,520.4858320846762,578.0919749808414,470.4073037909891
Deaths,Malawi,Both,All ages,All causes,Rate,2019,632.631319794861,732.355171802929,548.5741154788215
Deaths,Turkmenistan,Both,All ages,All causes,Rate,2019,661.4157708192687,804.2447445599954,548.7464885057321
Deaths,Romania,Both,All ages,All causes,Rate,2019,1366.1693784774593,1586.2269072897502,1167.9564405862102
Deaths,Saint Vincent and the Grenadines,Both,All ages,All causes,Rate,2019,906.7791874971764,1015.0323918785585,813.6143657356024
Deaths,Namibia,Both,All ages,All causes,Rate,2019,786.7642646307628,955.560151110167,652.8135607490582
Deaths,Australia,Both,All ages,All causes,Rate,2019,695.4234647640511,708.7536053855314,682.9880471373788
Deaths,Mali,Both,All ages,All causes,Rate,2019,919.0520396259051,1134.1684892338073,753.9821167636627
Deaths,Andorra,Both,All ages,All causes,Rate,2019,746.0623636706152,906.8283871081426,602.4566410147319
Deaths,Pakistan,Both,All ages,All causes,Rate,2019,669.4003841266757,756.5871207320795,592.9864155350716
Deaths,Democratic People's Republic of Korea,Both,All ages,All causes,Rate,2019,903.6656124000082,1044.4634358823528,790.6108392089466
Deaths,Brazil,Both,All ages,All causes,Rate,2019,651.2436486729629,668.4508624152255,634.8107498239598
Deaths,Ireland,Both,All ages,All causes,Rate,2019,658.901521811046,680.9034141398821,638.5384456166063
Deaths,Central African Republic,Both,All ages,All causes,Rate,2019,1278.4256621402953,1591.7674067565483,1035.9357109614734
Deaths,Tokelau,Both,All ages,All causes,Rate,2019,787.344295249302,966.5355924218919,651.3938322972218
Deaths,Bahamas,Both,All ages,All causes,Rate,2019,724.6222614907833,865.8324334787264,615.5113123989709
Deaths,Madagascar,Both,All ages,All causes,Rate,2019,615.0572098806376,737.7914726709897,506.86583239559883
Deaths,Nauru,Both,All ages,All causes,Rate,2019,632.5364968160677,748.8059676537957,535.5937775404245
Deaths,Jamaica,Both,All ages,All causes,Rate,2019,699.3742099010675,840.7431022983379,580.002604092448
Deaths,Lao People's Democratic Republic,Both,All ages,All causes,Rate,2019,621.0574134027485,740.3624541221285,511.1250041066923
Deaths,Sao Tome and Principe,Both,All ages,All causes,Rate,2019,492.14213540625707,568.941682631207,412.82725965213274
Deaths,Qatar,Both,All ages,All causes,Rate,2019,154.35175215913895,193.18907492776458,122.4756451312308
Deaths,Malta,Both,All ages,All causes,Rate,2019,860.6760173456214,934.1579409485937,792.3093946198686
Deaths,Kiribati,Both,All ages,All causes,Rate,2019,970.3392266876392,1160.170419093126,802.5219516579036
Deaths,Monaco,Both,All ages,All causes,Rate,2019,1394.0853040765771,1548.0011138570947,1186.1785560900073
Deaths,Micronesia (Federated States of),Both,All ages,All causes,Rate,2019,919.7959380071304,1110.4359567134209,754.4176422708475
Deaths,Trinidad and Tobago,Both,All ages,All causes,Rate,2019,847.9580938661001,1077.6727999163725,660.7243360996321
Deaths,Italy,Both,All ages,All causes,Rate,2019,1065.0105859708437,1074.0319364506774,1055.8404668360845
Deaths,Uzbekistan,Both,All ages,All causes,Rate,2019,604.5617893443638,698.9440780712977,521.6926698172603
Deaths,Tajikistan,Both,All ages,All causes,Rate,2019,513.0718834090309,610.0202879546646,434.6494758431018
Deaths,Niger,Both,All ages,All causes,Rate,2019,869.7929411393019,1070.3978727231895,713.1784625176903
Deaths,Mauritius,Both,All ages,All causes,Rate,2019,839.1693304915761,1003.1439368209228,700.5043815312232
Deaths,Albania,Both,All ages,All causes,Rate,2019,833.3671954970747,1041.749120282406,659.1218324996709
Deaths,Norway,Both,All ages,All causes,Rate,2019,773.7345930987688,786.1329815200629,761.8281317939593
Deaths,United States of America,Both,All ages,All causes,Rate,2019,898.3679386456798,905.1905038474589,891.6203677086402
Deaths,Slovenia,Both,All ages,All causes,Rate,2019,1003.3982692721768,1246.6232982347676,817.2765493801727
Deaths,Zimbabwe,Both,All ages,All causes,Rate,2019,842.8746297423456,979.8696780965512,730.9070604559199
Deaths,Angola,Both,All ages,All causes,Rate,2019,613.6127729358607,727.0653605468651,511.0649511816114
Deaths,Indonesia,Both,All ages,All causes,Rate,2019,657.4640735393938,727.2509667469659,570.4955784876282
Deaths,Austria,Both,All ages,All causes,Rate,2019,925.1714097463041,940.5931725258985,910.6906596586235
Deaths,Cameroon,Both,All ages,All causes,Rate,2019,712.2265638991856,850.2627528312518,594.5322387755683
Deaths,Palestine,Both,All ages,All causes,Rate,2019,335.07036810076255,374.64747104776865,299.09823170291656
Deaths,Rwanda,Both,All ages,All causes,Rate,2019,540.4368321497433,626.6474434496666,470.77262990766536
Deaths,Latvia,Both,All ages,All causes,Rate,2019,1431.98679165188,1664.679030839111,1255.1949900772113
Deaths,Cyprus,Both,All ages,All causes,Rate,2019,662.9311723961539,720.1803742769348,611.6458948787457
Deaths,Togo,Both,All ages,All causes,Rate,2019,676.0717849312135,794.9591364088932,576.058280153334
Deaths,Syrian Arab Republic,Both,All ages,All causes,Rate,2019,582.5930421233064,733.1356517759435,467.85642192032117
Deaths,Sierra Leone,Both,All ages,All causes,Rate,2019,846.3004905013565,1020.9746567672865,702.3772058084916
Deaths,Cuba,Both,All ages,All causes,Rate,2019,933.0822551313519,1095.3792964080105,789.294163231405
Deaths,Palau,Both,All ages,All causes,Rate,2019,1159.012280039343,1426.629838682496,935.5206875006402
Deaths,Oman,Both,All ages,All causes,Rate,2019,269.94331756854456,292.20496446947095,249.11757704634448
Deaths,Samoa,Both,All ages,All causes,Rate,2019,646.8583011924615,786.6641892782783,538.6281175911015
Deaths,Congo,Both,All ages,All causes,Rate,2019,678.1975429236821,816.3124750792632,568.8701487886715
Deaths,Tunisia,Both,All ages,All causes,Rate,2019,584.3469192785902,738.2394021765565,458.5628484018514
Deaths,Equatorial Guinea,Both,All ages,All causes,Rate,2019,536.5617881042366,691.0337020160407,410.4636452725573
Deaths,Portugal,Both,All ages,All causes,Rate,2019,1092.7055051556385,1116.6404083395664,1070.2841262420936
Deaths,Cambodia,Both,All ages,All causes,Rate,2019,667.6503582110993,759.5890370709602,561.612682016827
Deaths,Maldives,Both,All ages,All causes,Rate,2019,301.31664644399933,343.91048884718754,263.03852499663753
Deaths,Luxembourg,Both,All ages,All causes,Rate,2019,670.477316204835,740.5533972707307,611.9513628142385
Deaths,Sweden,Both,All ages,All causes,Rate,2019,917.5910795629063,929.0066741486171,907.2106639061533
Deaths,Ecuador,Both,All ages,All causes,Rate,2019,526.0927818068869,645.2971541981592,435.60788263287026
Deaths,Somalia,Both,All ages,All causes,Rate,2019,905.6181610533755,1159.0829266294054,723.0040731114991
Deaths,Nigeria,Both,All ages,All causes,Rate,2019,741.6218003233004,852.241710410795,647.6966887663298
Deaths,Niue,Both,All ages,All causes,Rate,2019,1192.1322191815818,1391.861825076253,1019.3863269056353
Deaths,Marshall Islands,Both,All ages,All causes,Rate,2019,743.0957693869371,928.371009071665,597.9050007017672
Deaths,Chad,Both,All ages,All causes,Rate,2019,955.2437859843674,1110.3286855595677,832.0968272236656
Deaths,Northern Mariana Islands,Both,All ages,All causes,Rate,2019,824.7420557627437,938.1060599388492,712.628246300139
Deaths,Egypt,Both,All ages,All causes,Rate,2019,566.8298924994946,704.3314511718296,452.25676722524383
Deaths,Mozambique,Both,All ages,All causes,Rate,2019,896.7212867382428,1041.8378242233039,773.0877113245903
Deaths,Benin,Both,All ages,All causes,Rate,2019,734.778680169395,911.0971348938639,598.6606484525136
Deaths,Bahrain,Both,All ages,All causes,Rate,2019,295.6881663991077,352.64224599004683,246.26201694752208
Deaths,Côte d'Ivoire,Both,All ages,All causes,Rate,2019,697.0657483887369,803.3496070055223,606.0569890404842
Deaths,United Republic of Tanzania,Both,All ages,All causes,Rate,2019,624.5598185318555,719.6568388639084,550.2910915498811
Deaths,Burkina Faso,Both,All ages,All causes,Rate,2019,889.3691561272857,1037.997537370989,777.7875522085365
Deaths,Republic of Moldova,Both,All ages,All causes,Rate,2019,1111.599213922559,1230.946968023702,1002.5634041562721
Deaths,Estonia,Both,All ages,All causes,Rate,2019,1210.693380256574,1454.4771338731045,995.7564402015215
Deaths,Netherlands,Both,All ages,All causes,Rate,2019,915.1376545852876,936.4366191978658,895.2965258333111
Deaths,Paraguay,Both,All ages,All causes,Rate,2019,493.0566608236723,616.3783752599426,391.4448680559399
Deaths,Papua New Guinea,Both,All ages,All causes,Rate,2019,707.2844235061835,884.7826361542278,565.5669768541017
Deaths,Barbados,Both,All ages,All causes,Rate,2019,1038.7889592161134,1188.556793662629,894.0738482553754
Deaths,Democratic Republic of the Congo,Both,All ages,All causes,Rate,2019,643.4216919299489,751.2560911710003,547.2364751649588
Deaths,Russian Federation,Both,All ages,All causes,Rate,2019,1218.864244651332,1361.7672238813855,1092.7227828729933
Deaths,Suriname,Both,All ages,All causes,Rate,2019,758.9300259160705,884.1388889477945,651.3436987687197
Deaths,United States Virgin Islands,Both,All ages,All causes,Rate,2019,1229.9971995899582,1347.1675248976023,1093.4062037419858
Deaths,Belgium,Both,All ages,All causes,Rate,2019,998.9656052206473,1019.1712936972574,980.0405957604111
Deaths,United Arab Emirates,Both,All ages,All causes,Rate,2019,315.01789292973524,404.11884414497496,243.2212961126199
Deaths,Senegal,Both,All ages,All causes,Rate,2019,594.0808793844111,687.553919338908,521.896209627556
Deaths,Croatia,Both,All ages,All causes,Rate,2019,1231.4636042369425,1483.3657932763756,1016.7028827265624
Deaths,Colombia,Both,All ages,All causes,Rate,2019,516.3169258678101,640.5975956546821,414.27453436116605
Deaths,Belarus,Both,All ages,All causes,Rate,2019,1281.755345244548,1584.2685108617152,1049.1106895308344
Deaths,Vanuatu,Both,All ages,All causes,Rate,2019,759.2926140109928,951.0642020340986,621.7743297781925
Deaths,Antigua and Barbuda,Both,All ages,All causes,Rate,2019,689.1871677058125,773.5658731574771,612.5224165671359
Deaths,Gabon,Both,All ages,All causes,Rate,2019,672.3802747341309,779.5431354485527,564.86971689375
Deaths,Cabo Verde,Both,All ages,All causes,Rate,2019,621.1465935165406,682.5108167383389,564.8367044277597
Deaths,Peru,Both,All ages,All causes,Rate,2019,448.3917037021153,572.0132974296868,349.0226630411868
Deaths,Denmark,Both,All ages,All causes,Rate,2019,954.2703934229494,980.3847376297293,929.8504380142355
Deaths,Algeria,Both,All ages,All causes,Rate,2019,480.5830587860344,559.577335109708,411.5858394412873
Deaths,South Sudan,Both,All ages,All causes,Rate,2019,783.5762859027919,942.3468957888318,656.9065925478834
Deaths,Spain,Both,All ages,All causes,Rate,2019,931.2590498107511,947.1887139522004,916.3262565681134
Deaths,Seychelles,Both,All ages,All causes,Rate,2019,780.4980112611477,852.3351808234494,715.5033998854819
Deaths,Malaysia,Both,All ages,All causes,Rate,2019,561.8782901884883,679.442613004033,463.1484004761188
Deaths,Bulgaria,Both,All ages,All causes,Rate,2019,1791.3857739984544,2138.7746969363716,1492.1957318592022
Deaths,Saudi Arabia,Both,All ages,All causes,Rate,2019,359.6421236014576,437.1430166963856,294.66971382446354
Deaths,Bosnia and Herzegovina,Both,All ages,All causes,Rate,2019,1134.0675818237494,1372.9194079174597,931.0816253207353
Deaths,Puerto Rico,Both,All ages,All causes,Rate,2019,934.4489677791526,1143.2651089692833,760.9055777549833
Deaths,Tonga,Both,All ages,All causes,Rate,2019,642.8602736018112,767.2947089585178,537.8974585334745
Deaths,Solomon Islands,Both,All ages,All causes,Rate,2019,948.8205260932552,1125.1366927569707,797.98807362946
Deaths,Bolivia (Plurinational State of),Both,All ages,All causes,Rate,2019,631.9646946579314,738.8808213832185,528.5101191832526
Deaths,Gambia,Both,All ages,All causes,Rate,2019,601.3296213095003,693.7547760616652,525.792181299984
Deaths,Lithuania,Both,All ages,All causes,Rate,2019,1377.8942426862598,1604.4399809660758,1174.6718548477768
Deaths,Belize,Both,All ages,All causes,Rate,2019,485.28495233700403,543.6189487388787,433.1288274566656
Deaths,Yemen,Both,All ages,All causes,Rate,2019,554.0504218894595,666.3890873856923,469.7149437300408
Deaths,Uganda,Both,All ages,All causes,Rate,2019,590.4940591572388,680.2798767843277,516.9489297266034
Deaths,Turkey,Both,All ages,All causes,Rate,2019,558.9279390498407,659.5770149788458,469.64730704970975
